,region,product,year,flow,volume,iea_code,Country,ISO3,OECD,CONTI,UE 28,level,UN_region,OECD_Region,volume_numeric,CO2e estimation
3044446,ALBANIA,NONBIOJETK,2019,AVBUNK,-21.000,ALBANIA,Albania,ALB,NONOECD,EUROPE,NO,country,UNEUROPE,EURASIA,21.0,66.36
3184856,ALGERIA,NONBIOJETK,2019,AVBUNK,-446.691,ALGERIA,Algeria,DZA,NONOECD,AFRICA,NO,country,AFRICA,AFRICA,446.691,1411.54356
3184862,ALGERIA,NONBIOJETK,2019,DOMESAIR,94.309,ALGERIA,Algeria,DZA,NONOECD,AFRICA,NO,country,AFRICA,AFRICA,94.309,298.01644
3322638,ANGOLA,NONBIOJETK,2019,AVBUNK,-291.583,ANGOLA,Angola,AGO,NONOECD,AFRICA,NO,country,AFRICA,AFRICA,291.583,921.4022800000001
3322643,ANGOLA,NONBIOJETK,2019,DOMESAIR,5.027,ANGOLA,Angola,AGO,NONOECD,AFRICA,NO,country,AFRICA,AFRICA,5.027,15.885320000000002
3463865,ARGENTINA,NONBIOJETK,2019,AVBUNK,-1108.739,ARGENTINA,Argentina,ARG,NONOECD,AMERICA,NO,country,UNAMERICAS,LATAMER,1108.739,3503.61524
3463873,ARGENTINA,NONBIOJETK,2019,DOMESAIR,596.978,ARGENTINA,Argentina,ARG,NONOECD,AMERICA,NO,country,UNAMERICAS,LATAMER,596.978,1886.45048
3685796,ARMENIA,NONBIOJETK,2019,AVBUNK,-68.770,ARMENIA,Armenia,ARM,NONOECD,EUROPE,NO,country,UNASIA,EURASIA,68.77,217.3132
3842840,AUSTRALI,NONBIOJETK,2019,AVBUNK,-4749.603,AUSTRALI,Australia,AUS,OECD,ASIAPAC,NO,country,UNOCEANIA,OECDAO,4749.603,15008.745480000001
3842846,AUSTRALI,NONBIOJETK,2019,DOMESAIR,2732.732,AUSTRALI,Australia,AUS,OECD,ASIAPAC,NO,country,UNOCEANIA,OECDAO,2732.732,8635.43312
3934102,AUSTRIA,NONBIOJETK,2019,AVBUNK,-923.072,AUSTRIA,Austria,AUT,OECD,EUROPE,YES,country,UNEUROPE,OECDEUR,923.072,2916.90752
3934107,AUSTRIA,NONBIOJETK,2019,DOMESAIR,27.873,AUSTRIA,Austria,AUT,OECD,EUROPE,YES,country,UNEUROPE,OECDEUR,27.873,88.07868
4134758,AZERBAIJAN,NONBIOJETK,2019,AVBUNK,-313.000,AZERBAIJAN,Azerbaijan,AZE,NONOECD,EUROPE,NO,country,UNASIA,EURASIA,313.0,989.08
4134763,AZERBAIJAN,NONBIOJETK,2019,DOMESAIR,300.200,AZERBAIJAN,Azerbaijan,AZE,NONOECD,EUROPE,NO,country,UNASIA,EURASIA,300.2,948.6320000000001
4324528,BAHRAIN,NONBIOJETK,2019,AVBUNK,-494.730,BAHRAIN,Bahrain,BHR,NONOECD,MIDDLE EAST,NO,country,UNASIA,MIDEAST,494.73,1563.3468
4324534,BAHRAIN,NONBIOJETK,2019,DOMESAIR,31.870,BAHRAIN,Bahrain,BHR,NONOECD,MIDDLE EAST,NO,country,UNASIA,MIDEAST,31.87,100.70920000000001
4461337,BANGLADESH,NONBIOJETK,2019,AVBUNK,-430.341,BANGLADESH,Bangladesh ,BGD,NONOECD,ASIAPAC,NO,country,UNASIA,ASIA,430.341,1359.8775600000001
4686794,BELARUS,NONBIOJETK,2019,AVBUNK,-186.000,BELARUS,Belarus,BLR,NONOECD,EUROPE,NO,country,UNEUROPE,EURASIA,186.0,587.76
4686799,BELARUS,NONBIOJETK,2019,DOMESAIR,15.000,BELARUS,Belarus,BLR,NONOECD,EUROPE,NO,country,UNEUROPE,EURASIA,15.0,47.400000000000006
4847399,BELGIUM,NONBIOJETK,2019,AVBUNK,-1659.500,BELGIUM,Belgium,BEL,OECD,EUROPE,YES,country,UNEUROPE,OECDEUR,1659.5,5244.02
4847406,BELGIUM,NONBIOJETK,2019,DOMESAIR,1.800,BELGIUM,Belgium,BEL,OECD,EUROPE,YES,country,UNEUROPE,OECDEUR,1.8,5.688000000000001
4962820,BENIN,NONBIOJETK,2019,AVBUNK,-21.310,BENIN,Benin,BEN,NONOECD,AFRICA,NO,country,AFRICA,AFRICA,21.31,67.3396
5099188,BOLIVIA,NONBIOJETK,2019,AVBUNK,-71.874,BOLIVIA,Bolivia,BOL,NONOECD,AMERICA,NO,country,UNAMERICAS,LATAMER,71.874,227.12184
5099195,BOLIVIA,NONBIOJETK,2019,DOMESAIR,94.813,BOLIVIA,Bolivia,BOL,NONOECD,AMERICA,NO,country,UNAMERICAS,LATAMER,94.813,299.60908
5320219,BOSNIAHERZ,NONBIOJETK,2019,AVBUNK,-9.029,BOSNIAHERZ,Bosnia and Herzegovinia,BIH,NONOECD,EUROPE,NO,country,UNEUROPE,EURASIA,9.029,28.53164
5507433,BOTSWANA,NONBIOJETK,2019,AVBUNK,-12.230,BOTSWANA,Botswana,BWA,NONOECD,AFRICA,NO,country,AFRICA,AFRICA,12.23,38.646800000000006
5653081,BRAZIL,NONBIOJETK,2019,AVBUNK,-2329.794,BRAZIL,Brazil,BRA,NONOECD,AMERICA,NO,country,UNAMERICAS,LATAMER,2329.794,7362.14904
5653087,BRAZIL,NONBIOJETK,2019,DOMESAIR,3187.444,BRAZIL,Brazil,BRA,NONOECD,AMERICA,NO,country,UNAMERICAS,LATAMER,3187.444,10072.323040000001
5794053,BRUNEI,NONBIOJETK,2019,AVBUNK,-108.135,BRUNEI,Brunei,BRN,NONOECD,ASIAPAC,NO,country,UNASIA,ASIA,108.135,341.70660000000004
5938793,BULGARIA,NONBIOJETK,2019,AVBUNK,-236.091,BULGARIA,Bulgaria,BGR,NONOECD,EUROPE,YES,country,UNEUROPE,EURASIA,236.091,746.0475600000001
5938801,BULGARIA,NONBIOJETK,2019,DOMESAIR,10.789,BULGARIA,Bulgaria,BGR,NONOECD,EUROPE,YES,country,UNEUROPE,EURASIA,10.789,34.09324
6185573,CAMBODIA,NONBIOJETK,2019,AVBUNK,-169.482,CAMBODIA,Cambodia,KHM,NONOECD,ASIAPAC,NO,country,UNASIA,ASIA,169.482,535.56312
6185577,CAMBODIA,NONBIOJETK,2019,DOMESAIR,75.056,CAMBODIA,Cambodia,KHM,NONOECD,ASIAPAC,NO,country,UNASIA,ASIA,75.056,237.17696
6385172,CAMEROON,NONBIOJETK,2019,AVBUNK,-17.391,CAMEROON,Cameroon,CMR,NONOECD,AFRICA,NO,country,AFRICA,AFRICA,17.391,54.95556
6385176,CAMEROON,NONBIOJETK,2019,DOMESAIR,1.506,CAMEROON,Cameroon,CMR,NONOECD,AFRICA,NO,country,AFRICA,AFRICA,1.506,4.75896
6491442,CANADA,NONBIOJETK,2019,AVBUNK,-806.000,CANADA,Canada,CAN,OECD,AMERICA,NO,country,UNAMERICAS,OECDAM,806.0,2546.96
6491449,CANADA,NONBIOJETK,2019,DOMESAIR,6460.000,CANADA,Canada,CAN,OECD,AMERICA,NO,country,UNAMERICAS,OECDAM,6460.0,20413.600000000002
6614408,CHILE,NONBIOJETK,2019,AVBUNK,-721.355,CHILE,Chile,CHL,OECD,AMERICA,NO,country,UNAMERICAS,OECDAM,721.355,2279.4818
6614418,CHILE,NONBIOJETK,2019,DOMESAIR,579.190,CHILE,Chile,CHL,OECD,AMERICA,NO,country,UNAMERICAS,OECDAM,579.19,1830.2404000000004
6775140,CHINA,NONBIOJETK,2019,AVBUNK,-10416.100,CHINA,China,CHN,NONOECD,ASIAPAC,NO,country,UNASIA,CHINAREG,10416.1,32914.876000000004
6775144,CHINA,NONBIOJETK,2019,DOMESAIR,26476.000,CHINA,China,CHN,NONOECD,ASIAPAC,NO,country,UNASIA,CHINAREG,26476.0,83664.16
6925819,COLOMBIA,NONBIOJETK,2019,AVBUNK,-1325.772,COLOMBIA,Colombia,COL,OECD,AMERICA,NO,country,UNAMERICAS,OECDAM,1325.772,4189.43952
7064904,CONGO,NONBIOJETK,2019,AVBUNK,-31.815,CONGO,Congo,COG,NONOECD,AFRICA,NO,country,AFRICA,AFRICA,31.815,100.53540000000001
7064909,CONGO,NONBIOJETK,2019,DOMESAIR,13.635,CONGO,Congo,COG,NONOECD,AFRICA,NO,country,AFRICA,AFRICA,13.635,43.086600000000004
7200625,CONGOREP,NONBIOJETK,2019,AVBUNK,-120.709,CONGOREP,Democratic Rep. Of Congo,COD,NONOECD,AFRICA,NO,country,AFRICA,AFRICA,120.709,381.44044
7337223,COSTARICA,NONBIOJETK,2019,AVBUNK,-219.806,COSTARICA,Costa Rica,CRI,NONOECD,AMERICA,NO,country,UNAMERICAS,LATAMER,219.806,694.5869600000001
7337230,COSTARICA,NONBIOJETK,2019,DOMESAIR,3.810,COSTARICA,Costa Rica,CRI,NONOECD,AMERICA,NO,country,UNAMERICAS,LATAMER,3.81,12.0396
7475242,COTEIVOIRE,NONBIOJETK,2019,AVBUNK,-171.896,COTEIVOIRE,Cote d'Ivoire,CIV,NONOECD,AFRICA,NO,country,AFRICA,AFRICA,171.896,543.19136
7475247,COTEIVOIRE,NONBIOJETK,2019,DOMESAIR,8.223,COTEIVOIRE,Cote d'Ivoire,CIV,NONOECD,AFRICA,NO,country,AFRICA,AFRICA,8.223,25.984680000000004
7700142,CROATIA,NONBIOJETK,2019,AVBUNK,-190.000,CROATIA,Croatia,HRV,NONOECD,EUROPE,YES,country,UNEUROPE,EURASIA,190.0,600.4
7700147,CROATIA,NONBIOJETK,2019,DOMESAIR,9.800,CROATIA,Croatia,HRV,NONOECD,EUROPE,YES,country,UNEUROPE,EURASIA,9.8,30.968000000000004
7894267,CUBA,NONBIOJETK,2019,AVBUNK,-33.494,CUBA,Cuba,CUB,NONOECD,AMERICA,NO,country,UNAMERICAS,LATAMER,33.494,105.84104
8031366,CURACAO,NONBIOJETK,2019,AVBUNK,-57.723,CURACAO,Cura√ßao,CUW,NONOECD,AMERICA,NO,country,UNAMERICAS,LATAMER,57.723,182.40468
8167881,CYPRUS,NONBIOJETK,2019,AVBUNK,-294.502,CYPRUS,Cyprus,CYP,NONOECD,EUROPE,YES,country,UNEUROPE,EURASIA,294.502,930.6263200000001
8167887,CYPRUS,NONBIOJETK,2019,DOMESAIR,2.013,CYPRUS,Cyprus,CYP,NONOECD,EUROPE,YES,country,UNEUROPE,EURASIA,2.013,6.36108
8319683,CZECH,NONBIOJETK,2019,AVBUNK,-405.000,CZECH,Czech Republic,CZE,OECD,EUROPE,YES,country,UNEUROPE,OECDEUR,405.0,1279.8
8319688,CZECH,NONBIOJETK,2019,DOMESAIR,43.000,CZECH,Czech Republic,CZE,OECD,EUROPE,YES,country,UNEUROPE,OECDEUR,43.0,135.88
8430209,DENMARK,NONBIOJETK,2019,AVBUNK,-1006.281,DENMARK,Denmark,DNK,OECD,EUROPE,YES,country,UNEUROPE,OECDEUR,1006.281,3179.84796
8430215,DENMARK,NONBIOJETK,2019,DOMESAIR,29.657,DENMARK,Denmark,DNK,OECD,EUROPE,YES,country,UNEUROPE,OECDEUR,29.657,93.71612
8547287,DOMINICANR,NONBIOJETK,2019,AVBUNK,-456.724,DOMINICANR,Dominican Republic,DOM,NONOECD,AMERICA,NO,country,UNAMERICAS,LATAMER,456.724,1443.24784
8547293,DOMINICANR,NONBIOJETK,2019,DOMESAIR,45.770,DOMINICANR,Dominican Republic,DOM,NONOECD,AMERICA,NO,country,UNAMERICAS,LATAMER,45.77,144.63320000000002
8685295,ECUADOR,NONBIOJETK,2019,AVBUNK,-264.534,ECUADOR,Ecuador,ECU,NONOECD,AMERICA,NO,country,UNAMERICAS,LATAMER,264.534,835.92744
8685301,ECUADOR,NONBIOJETK,2019,DOMESAIR,87.227,ECUADOR,Ecuador,ECU,NONOECD,AMERICA,NO,country,UNAMERICAS,LATAMER,87.227,275.63732000000005
8825918,EGYPT,NONBIOJETK,2019,AVBUNK,-786.882,EGYPT,Egypt,EGY,NONOECD,AFRICA,NO,country,AFRICA,AFRICA,786.882,2486.5471199999997
8825923,EGYPT,NONBIOJETK,2019,DOMESAIR,643.125,EGYPT,Egypt,EGY,NONOECD,AFRICA,NO,country,AFRICA,AFRICA,643.125,2032.275
8963447,ELSALVADOR,NONBIOJETK,2019,AVBUNK,-181.413,ELSALVADOR,El Salvador,SLV,NONOECD,AMERICA,NO,country,UNAMERICAS,LATAMER,181.413,573.26508
9099666,EQGUINEA,NONBIOJETK,2019,AVBUNK,-37.569,EQGUINEA,Equatorial Guinea,GNQ,NONOECD,AFRICA,NO,country,AFRICA,AFRICA,37.569,118.71804000000002
9099670,EQGUINEA,NONBIOJETK,2019,DOMESAIR,7.373,EQGUINEA,Equatorial Guinea,GNQ,NONOECD,AFRICA,NO,country,AFRICA,AFRICA,7.373,23.29868
9326458,ERITREA,NONBIOJETK,2019,AVBUNK,-8.903,ERITREA,Eritrea,ERI,NONOECD,AFRICA,NO,country,AFRICA,AFRICA,8.903,28.133480000000002
9326462,ERITREA,NONBIOJETK,2019,DOMESAIR,2.622,ERITREA,Eritrea,ERI,NONOECD,AFRICA,NO,country,AFRICA,AFRICA,2.622,8.28552
9606433,ESTONIA,NONBIOJETK,2019,AVBUNK,-66.677,ESTONIA,Estonia,EST,OECD,EUROPE,YES,country,UNEUROPE,OECDEUR,66.677,210.69932000000003
9606437,ESTONIA,NONBIOJETK,2019,DOMESAIR,1.257,ESTONIA,Estonia,EST,OECD,EUROPE,YES,country,UNEUROPE,OECDEUR,1.257,3.97212
9795103,ETHIOPIA,NONBIOJETK,2019,AVBUNK,-730.394,ETHIOPIA,Ethiopia,ETH,NONOECD,AFRICA,NO,country,AFRICA,AFRICA,730.394,2308.04504
9795107,ETHIOPIA,NONBIOJETK,2019,DOMESAIR,8.848,ETHIOPIA,Ethiopia,ETH,NONOECD,AFRICA,NO,country,AFRICA,AFRICA,8.848,27.959680000000002
9902449,FINLAND,NONBIOJETK,2019,AVBUNK,-812.000,FINLAND,Finland,FIN,OECD,EUROPE,YES,country,UNEUROPE,OECDEUR,812.0,2565.92
9902455,FINLAND,NONBIOJETK,2019,DOMESAIR,64.000,FINLAND,Finland,FIN,OECD,EUROPE,YES,country,UNEUROPE,OECDEUR,64.0,202.24
9994059,FRANCE,NONBIOJETK,2019,AVBUNK,-5930.815,FRANCE,France,FRA,OECD,EUROPE,YES,country,UNEUROPE,OECDEUR,5930.815,18741.3754
9994066,FRANCE,NONBIOJETK,2019,DOMESAIR,1671.095,FRANCE,France,FRA,OECD,EUROPE,YES,country,UNEUROPE,OECDEUR,1671.095,5280.6602
10114040,GABON,NONBIOJETK,2019,AVBUNK,-30.392,GABON,Gabon,GAB,NONOECD,AFRICA,NO,country,AFRICA,AFRICA,30.392,96.03872
10114044,GABON,NONBIOJETK,2019,DOMESAIR,1.163,GABON,Gabon,GAB,NONOECD,AFRICA,NO,country,AFRICA,AFRICA,1.163,3.6750800000000003
10334704,GEORGIA,NONBIOJETK,2019,AVBUNK,-101.072,GEORGIA,Georgia,GEO,NONOECD,EUROPE,NO,country,UNEUROPE,EURASIA,101.072,319.38752
10334709,GEORGIA,NONBIOJETK,2019,DOMESAIR,0.600,GEORGIA,Georgia,GEO,NONOECD,EUROPE,NO,country,UNEUROPE,EURASIA,0.6,1.896
10503817,GERMANY,NONBIOJETK,2019,AVBUNK,-9532.000,GERMANY,Germany,DEU,OECD,EUROPE,YES,country,UNEUROPE,OECDEUR,9532.0,30121.120000000003
10503824,GERMANY,NONBIOJETK,2019,DOMESAIR,707.000,GERMANY,Germany,DEU,OECD,EUROPE,YES,country,UNEUROPE,OECDEUR,707.0,2234.12
10623202,GHANA,NONBIOJETK,2019,AVBUNK,-231.000,GHANA,Ghana,GHA,NONOECD,AFRICA,NO,country,AFRICA,AFRICA,231.0,729.96
10623207,GHANA,NONBIOJETK,2019,DOMESAIR,16.262,GHANA,Ghana,GHA,NONOECD,AFRICA,NO,country,AFRICA,AFRICA,16.262,51.38792
10756582,GIBRALTAR,NONBIOJETK,2019,AVBUNK,-7.999,GIBRALTAR,Gibraltar,GIB,NONOECD,EUROPE,NO,country,UNEUROPE,EURASIA,7.999,25.27684
10855279,GREECE,NONBIOJETK,2019,AVBUNK,-1100.751,GREECE,Greece,GRC,OECD,EUROPE,YES,country,UNEUROPE,OECDEUR,1100.751,3478.37316
10855286,GREECE,NONBIOJETK,2019,DOMESAIR,216.539,GREECE,Greece,GRC,OECD,EUROPE,YES,country,UNEUROPE,OECDEUR,216.539,684.26324
10969517,GUATEMALA,NONBIOJETK,2019,AVBUNK,-96.473,GUATEMALA,Guatemala,GTM,NONOECD,AMERICA,NO,country,UNAMERICAS,LATAMER,96.473,304.85468000000003
10969523,GUATEMALA,NONBIOJETK,2019,DOMESAIR,1.916,GUATEMALA,Guatemala,GTM,NONOECD,AMERICA,NO,country,UNAMERICAS,LATAMER,1.916,6.05456
11105899,GUYANA,NONBIOJETK,2019,AVBUNK,-21.428,GUYANA,Guyana,GUY,NONOECD,AMERICA,NO,country,UNAMERICAS,LATAMER,21.428,67.71248
11241095,HAITI,NONBIOJETK,2019,AVBUNK,-22.323,HAITI,Haiti,HTI,NONOECD,AMERICA,NO,country,UNAMERICAS,LATAMER,22.323,70.54068000000001
11376734,HONDURAS,NONBIOJETK,2019,AVBUNK,-47.668,HONDURAS,Honduras,HND,NONOECD,AMERICA,NO,country,UNAMERICAS,LATAMER,47.668,150.63088
11376738,HONDURAS,NONBIOJETK,2019,DOMESAIR,8.741,HONDURAS,Honduras,HND,NONOECD,AMERICA,NO,country,UNAMERICAS,LATAMER,8.741,27.62156
11512007,HONGKONG,NONBIOJETK,2019,AVBUNK,-6499.847,HONGKONG,Hong Kong,HKG,NONOECD,ASIAPAC,NO,country,UNASIA,CHINAREG,6499.847,20539.51652
11512012,HONGKONG,NONBIOJETK,2019,DOMESAIR,3.545,HONGKONG,Hong Kong,HKG,NONOECD,ASIAPAC,NO,country,UNASIA,CHINAREG,3.545,11.2022
11640046,HUNGARY,NONBIOJETK,2019,AVBUNK,-270.000,HUNGARY,Hungary,HUN,OECD,EUROPE,YES,country,UNEUROPE,OECDEUR,270.0,853.2
11725099,ICELAND,NONBIOJETK,2019,AVBUNK,-303.308,ICELAND,Iceland,ISL,OECD,EUROPE,NO,country,UNEUROPE,OECDEUR,303.308,958.4532800000001
11725107,ICELAND,NONBIOJETK,2019,DOMESAIR,8.441,ICELAND,Iceland,ISL,OECD,EUROPE,NO,country,UNEUROPE,OECDEUR,8.441,26.673560000000002
11842019,INDIA,NONBIOJETK,2019,AVBUNK,-3979.128,INDIA,India,IND,NONOECD,ASIAPAC,NO,country,UNASIA,ASIA,3979.128,12574.04448
11842026,INDIA,NONBIOJETK,2019,DOMESAIR,4019.872,INDIA,India,IND,NONOECD,ASIAPAC,NO,country,UNASIA,ASIA,4019.872,12702.79552
11986824,INDONESIA,NONBIOJETK,2019,AVBUNK,-1401.489,INDONESIA,Indonesia ,IDN,NONOECD,ASIAPAC,NO,country,UNASIA,ASIA,1401.489,4428.70524
11986829,INDONESIA,NONBIOJETK,2019,DOMESAIR,2588.697,INDONESIA,Indonesia ,IDN,NONOECD,ASIAPAC,NO,country,UNASIA,ASIA,2588.697,8180.282520000001
12129119,IRAN,NONBIOJETK,2019,AVBUNK,-799.118,IRAN,Islamic republic of Iran,IRN,NONOECD,MIDDLE EAST,NO,country,UNASIA,MIDEAST,799.118,2525.2128800000005
12129123,IRAN,NONBIOJETK,2019,DOMESAIR,752.623,IRAN,Islamic republic of Iran,IRN,NONOECD,MIDDLE EAST,NO,country,UNASIA,MIDEAST,752.623,2378.28868
12267637,IRAQ,NONBIOJETK,2019,AVBUNK,-601.670,IRAQ,Iraq,IRQ,NONOECD,MIDDLE EAST,NO,country,UNASIA,MIDEAST,601.67,1901.2772
12267641,IRAQ,NONBIOJETK,2019,DOMESAIR,42.190,IRAQ,Iraq,IRQ,NONOECD,MIDDLE EAST,NO,country,UNASIA,MIDEAST,42.19,133.3204
12366835,IRELAND,NONBIOJETK,2019,AVBUNK,-1054.220,IRELAND,Ireland,IRL,OECD,EUROPE,YES,country,UNEUROPE,OECDEUR,1054.22,3331.3352000000004
12366842,IRELAND,NONBIOJETK,2019,DOMESAIR,4.979,IRELAND,Ireland,IRL,OECD,EUROPE,YES,country,UNEUROPE,OECDEUR,4.979,15.733640000000001
12479414,ISRAEL,NONBIOJETK,2019,AVBUNK,-1121.763,ISRAEL,Israel,ISR,OECD,ASIAPAC,NO,country,UNASIA,OECDAO,1121.763,3544.77108
12479419,ISRAEL,NONBIOJETK,2019,DOMESAIR,28.763,ISRAEL,Israel,ISR,OECD,ASIAPAC,NO,country,UNASIA,OECDAO,28.763,90.89108
12592232,ITALY,NONBIOJETK,2019,AVBUNK,-3864.040,ITALY,Italy,ITA,OECD,EUROPE,YES,country,UNEUROPE,OECDEUR,3864.04,12210.3664
12592240,ITALY,NONBIOJETK,2019,DOMESAIR,880.760,ITALY,Italy,ITA,OECD,EUROPE,YES,country,UNEUROPE,OECDEUR,880.76,2783.2016
12712925,JAMAICA,NONBIOJETK,2019,AVBUNK,-216.204,JAMAICA,Jamaica,JAM,NONOECD,AMERICA,NO,country,UNAMERICAS,LATAMER,216.204,683.20464
12712931,JAMAICA,NONBIOJETK,2019,DOMESAIR,1.316,JAMAICA,Jamaica,JAM,NONOECD,AMERICA,NO,country,UNAMERICAS,LATAMER,1.316,4.1585600000000005
12821406,JAPAN,NONBIOJETK,2019,AVBUNK,-5859.534,JAPAN,Japan,JPN,OECD,ASIAPAC,NO,country,UNASIA,OECDAO,5859.534,18516.12744
12821413,JAPAN,NONBIOJETK,2019,DOMESAIR,3314.748,JAPAN,Japan,JPN,OECD,ASIAPAC,NO,country,UNASIA,OECDAO,3314.748,10474.60368
12941297,JORDAN,NONBIOJETK,2019,AVBUNK,-396.568,JORDAN,Jordan,JOR,NONOECD,MIDDLE EAST,NO,country,UNASIA,MIDEAST,396.568,1253.15488
12941301,JORDAN,NONBIOJETK,2019,DOMESAIR,0.835,JORDAN,Jordan,JOR,NONOECD,MIDDLE EAST,NO,country,UNASIA,MIDEAST,0.835,2.6386
13165334,KAZAKHSTAN,NONBIOJETK,2019,AVBUNK,-460.765,KAZAKHSTAN,Kazakhstan,KAZ,NONOECD,EUROPE,NO,country,UNASIA,EURASIA,460.765,1456.0174
13165340,KAZAKHSTAN,NONBIOJETK,2019,DOMESAIR,124.000,KAZAKHSTAN,Kazakhstan,KAZ,NONOECD,EUROPE,NO,country,UNASIA,EURASIA,124.0,391.84000000000003
13355138,KENYA,NONBIOJETK,2019,AVBUNK,-699.400,KENYA,Kenya,KEN,NONOECD,AFRICA,NO,country,AFRICA,AFRICA,699.4,2210.104
13501214,KOREA,NONBIOJETK,2019,AVBUNK,-5299.546,KOREA,Korea,KOR,OECD,ASIAPAC,NO,country,UNASIA,OECDAO,5299.546,16746.56536
13501224,KOREA,NONBIOJETK,2019,DOMESAIR,1036.983,KOREA,Korea,KOR,OECD,ASIAPAC,NO,country,UNASIA,OECDAO,1036.983,3276.86628
13910036,KOSOVO,NONBIOJETK,2019,AVBUNK,-2.418,KOSOVO,Kosovo,UNK,NONOECD,EUROPE,NO,country,UNEUROPE,EURASIA,2.418,7.640880000000001
14124172,KUWAIT,NONBIOJETK,2019,AVBUNK,-937.943,KUWAIT,Kuwait,KWT,NONOECD,MIDDLE EAST,NO,country,UNASIA,MIDEAST,937.943,2963.89988
14344575,KYRGYZSTAN,NONBIOJETK,2019,AVBUNK,-9.931,KYRGYZSTAN,Kyrgyzstan,KGZ,NONOECD,EUROPE,NO,country,UNASIA,EURASIA,9.931,31.38196
14344585,KYRGYZSTAN,NONBIOJETK,2019,DOMESAIR,1.104,KYRGYZSTAN,Kyrgyzstan,KGZ,NONOECD,EUROPE,NO,country,UNASIA,EURASIA,1.104,3.4886400000000006
14660162,LAO,NONBIOJETK,2019,AVBUNK,-49.254,LAO,Lao People's Democratic Republic,LAO,NONOECD,ASIAPAC,NO,country,UNASIA,ASIA,49.254,155.64264
14660166,LAO,NONBIOJETK,2019,DOMESAIR,3.985,LAO,Lao People's Democratic Republic,LAO,NONOECD,ASIAPAC,NO,country,UNASIA,ASIA,3.985,12.592600000000001
14959895,LATVIA,NONBIOJETK,2019,AVBUNK,-152.009,LATVIA,Latvia,LVA,OECD,EUROPE,YES,country,UNEUROPE,OECDEUR,152.009,480.34844
14959900,LATVIA,NONBIOJETK,2019,DOMESAIR,0.125,LATVIA,Latvia,LVA,OECD,EUROPE,YES,country,UNEUROPE,OECDEUR,0.125,0.395
15149188,LEBANON,NONBIOJETK,2019,AVBUNK,-270.483,LEBANON,Lebanon,LBN,NONOECD,MIDDLE EAST,NO,country,UNASIA,MIDEAST,270.483,854.7262800000001
15285220,LIBYA,NONBIOJETK,2019,AVBUNK,-49.278,LIBYA,Libya,LBY,NONOECD,AFRICA,NO,country,AFRICA,AFRICA,49.278,155.71848
15285224,LIBYA,NONBIOJETK,2019,DOMESAIR,9.152,LIBYA,Libya,LBY,NONOECD,AFRICA,NO,country,AFRICA,AFRICA,9.152,28.92032
15510373,LITHUANIA,NONBIOJETK,2019,AVBUNK,-119.300,LITHUANIA,Lithuania,LTU,OECD,EUROPE,YES,country,UNEUROPE,OECDEUR,119.3,376.988
15510379,LITHUANIA,NONBIOJETK,2019,DOMESAIR,0.200,LITHUANIA,Lithuania,LTU,OECD,EUROPE,YES,country,UNEUROPE,OECDEUR,0.2,0.6320000000000001
15660613,LUXEMBOU,NONBIOJETK,2019,AVBUNK,-583.395,LUXEMBOU,Luxembourg,LUX,OECD,EUROPE,YES,country,UNEUROPE,OECDEUR,583.395,1843.5282
15772734,MALAYSIA,NONBIOJETK,2019,AVBUNK,-2619.691,MALAYSIA,Malaysia,MYS,NONOECD,ASIAPAC,NO,country,UNASIA,ASIA,2619.691,8278.22356
15772739,MALAYSIA,NONBIOJETK,2019,DOMESAIR,536.227,MALAYSIA,Malaysia,MYS,NONOECD,ASIAPAC,NO,country,UNASIA,ASIA,536.227,1694.47732
15908143,MALTA,NONBIOJETK,2019,AVBUNK,-160.460,MALTA,Malta,MLT,NONOECD,EUROPE,YES,country,UNEUROPE,EURASIA,160.46,507.0536000000001
15908148,MALTA,NONBIOJETK,2019,DOMESAIR,0.574,MALTA,Malta,MLT,NONOECD,EUROPE,YES,country,UNEUROPE,EURASIA,0.574,1.81384
16042385,MAURITIUS,NONBIOJETK,2019,AVBUNK,-289.672,MAURITIUS,Mauritius,MUS,NONOECD,AFRICA,NO,country,AFRICA,AFRICA,289.672,915.3635200000001
16042390,MAURITIUS,NONBIOJETK,2019,DOMESAIR,3.758,MAURITIUS,Mauritius,MUS,NONOECD,AFRICA,NO,country,AFRICA,AFRICA,3.758,11.87528
16183105,MEXICO,NONBIOJETK,2019,AVBUNK,-3897.000,MEXICO,Mexico,MEX,OECD,AMERICA,NO,country,UNAMERICAS,OECDAM,3897.0,12314.52
16408847,MOLDOVA,NONBIOJETK,2019,AVBUNK,-47.950,MOLDOVA,Republic of Moldova,MDA,NONOECD,EUROPE,NO,country,UNEUROPE,EURASIA,47.95,151.52200000000002
16658166,MONGOLIA,NONBIOJETK,2019,AVBUNK,-43.205,MONGOLIA,Mongolia,MNG,NONOECD,ASIAPAC,NO,country,UNASIA,ASIA,43.205,136.5278
16658170,MONGOLIA,NONBIOJETK,2019,DOMESAIR,3.395,MONGOLIA,Mongolia,MNG,NONOECD,ASIAPAC,NO,country,UNASIA,ASIA,3.395,10.728200000000001
16982218,MONTENEGRO,NONBIOJETK,2019,AVBUNK,-24.000,MONTENEGRO,Montenegro,MNE,NONOECD,EUROPE,NO,country,UNEUROPE,EURASIA,24.0,75.84
17210573,MOROCCO,NONBIOJETK,2019,AVBUNK,-774.674,MOROCCO,Morocco,MAR,NONOECD,AFRICA,NO,country,AFRICA,AFRICA,774.674,2447.96984
17210578,MOROCCO,NONBIOJETK,2019,DOMESAIR,32.326,MOROCCO,Morocco,MAR,NONOECD,AFRICA,NO,country,AFRICA,AFRICA,32.326,102.15016
17349007,MOZAMBIQUE,NONBIOJETK,2019,AVBUNK,-0.308,MOZAMBIQUE,Mozambique,MOZ,NONOECD,AFRICA,NO,country,AFRICA,AFRICA,0.308,0.97328
17349012,MOZAMBIQUE,NONBIOJETK,2019,DOMESAIR,43.358,MOZAMBIQUE,Mozambique,MOZ,NONOECD,AFRICA,NO,country,AFRICA,AFRICA,43.358,137.01128
17487191,MYANMAR,NONBIOJETK,2019,AVBUNK,-72.433,MYANMAR,Myanmar ,MMR,NONOECD,ASIAPAC,NO,country,UNASIA,ASIA,72.433,228.88828000000004
17487195,MYANMAR,NONBIOJETK,2019,DOMESAIR,139.730,MYANMAR,Myanmar ,MMR,NONOECD,ASIAPAC,NO,country,UNASIA,ASIA,139.73,441.54679999999996
17711324,NAMIBIA,NONBIOJETK,2019,AVBUNK,-33.761,NAMIBIA,Namibia,NAM,NONOECD,AFRICA,NO,country,AFRICA,AFRICA,33.761,106.68476000000001
17711328,NAMIBIA,NONBIOJETK,2019,DOMESAIR,5.959,NAMIBIA,Namibia,NAM,NONOECD,AFRICA,NO,country,AFRICA,AFRICA,5.959,18.83044
17900176,NEPAL,NONBIOJETK,2019,AVBUNK,-90.179,NEPAL,Nepal,NPL,NONOECD,ASIAPAC,NO,country,UNASIA,ASIA,90.179,284.96564
17900180,NEPAL,NONBIOJETK,2019,DOMESAIR,15.746,NEPAL,Nepal,NPL,NONOECD,ASIAPAC,NO,country,UNASIA,ASIA,15.746,49.757360000000006
18006844,NETHLAND,NONBIOJETK,2019,AVBUNK,-3822.760,NETHLAND,Netherlands,NLD,OECD,EUROPE,YES,country,UNEUROPE,OECDEUR,3822.76,12079.921600000001
18006850,NETHLAND,NONBIOJETK,2019,DOMESAIR,9.534,NETHLAND,Netherlands,NLD,OECD,EUROPE,YES,country,UNEUROPE,OECDEUR,9.534,30.127440000000004
18124646,NICARAGUA,NONBIOJETK,2019,AVBUNK,-15.265,NICARAGUA,Nicaragua,NIC,NONOECD,AMERICA,NO,country,UNAMERICAS,LATAMER,15.265,48.2374
18124652,NICARAGUA,NONBIOJETK,2019,DOMESAIR,0.672,NICARAGUA,Nicaragua,NIC,NONOECD,AMERICA,NO,country,UNAMERICAS,LATAMER,0.672,2.12352
18261572,NIGER,NONBIOJETK,2019,AVBUNK,-43.700,NIGER,Niger,NER,NONOECD,AFRICA,NO,country,AFRICA,AFRICA,43.7,138.092
18261576,NIGER,NONBIOJETK,2019,DOMESAIR,2.300,NIGER,Niger,NER,NONOECD,AFRICA,NO,country,AFRICA,AFRICA,2.3,7.268
18398923,NIGERIA,NONBIOJETK,2019,AVBUNK,-459.625,NIGERIA,Nigeria,NGA,NONOECD,AFRICA,NO,country,AFRICA,AFRICA,459.625,1452.415
18398927,NIGERIA,NONBIOJETK,2019,DOMESAIR,249.510,NIGERIA,Nigeria,NGA,NONOECD,AFRICA,NO,country,AFRICA,AFRICA,249.51,788.4516
18500180,NZ,NONBIOJETK,2019,AVBUNK,-1221.741,NZ,New Zealand,NZL,OECD,ASIAPAC,NO,country,UNOCEANIA,OECDAO,1221.741,3860.70156
18500186,NZ,NONBIOJETK,2019,DOMESAIR,312.410,NZ,New Zealand,NZL,OECD,ASIAPAC,NO,country,UNOCEANIA,OECDAO,312.41,987.2156000000001
18696845,NORTHMACED,NONBIOJETK,2019,AVBUNK,-26.965,NORTHMACED,Republic of North Macedonia,MKD,NONOECD,EUROPE,NO,country,UNEUROPE,EURASIA,26.965,85.2094
18851667,NORWAY,NONBIOJETK,2019,AVBUNK,-533.297,NORWAY,Norway,NOR,OECD,EUROPE,NO,country,UNEUROPE,OECDEUR,533.297,1685.2185200000001
18851673,NORWAY,NONBIOJETK,2019,DOMESAIR,340.346,NORWAY,Norway,NOR,OECD,EUROPE,NO,country,UNEUROPE,OECDEUR,340.346,1075.4933600000002
18967407,OMAN,NONBIOJETK,2019,AVBUNK,-605.246,OMAN,Oman,OMN,NONOECD,MIDDLE EAST,NO,country,UNASIA,MIDEAST,605.246,1912.57736
18967412,OMAN,NONBIOJETK,2019,DOMESAIR,30.820,OMAN,Oman,OMN,NONOECD,MIDDLE EAST,NO,country,UNASIA,MIDEAST,30.82,97.39120000000001
19106018,PAKISTAN,NONBIOJETK,2019,AVBUNK,-760.092,PAKISTAN,Pakistan,PAK,NONOECD,ASIAPAC,NO,country,UNASIA,ASIA,760.092,2401.89072
19243879,PANAMA,NONBIOJETK,2019,AVBUNK,-709.850,PANAMA,Panama,PAN,NONOECD,AMERICA,NO,country,UNAMERICAS,LATAMER,709.85,2243.126
19243885,PANAMA,NONBIOJETK,2019,DOMESAIR,13.564,PANAMA,Panama,PAN,NONOECD,AMERICA,NO,country,UNAMERICAS,LATAMER,13.564,42.86224
19380637,PARAGUAY,NONBIOJETK,2019,AVBUNK,-70.464,PARAGUAY,Paraguay,PRY,NONOECD,AMERICA,NO,country,UNAMERICAS,LATAMER,70.464,222.66624000000002
19380643,PARAGUAY,NONBIOJETK,2019,DOMESAIR,0.687,PARAGUAY,Paraguay,PRY,NONOECD,AMERICA,NO,country,UNAMERICAS,LATAMER,0.687,2.17092
19520383,PERU,NONBIOJETK,2019,AVBUNK,-698.377,PERU,Peru,PER,NONOECD,AMERICA,NO,country,UNAMERICAS,LATAMER,698.377,2206.8713199999997
19520389,PERU,NONBIOJETK,2019,DOMESAIR,361.666,PERU,Peru,PER,NONOECD,AMERICA,NO,country,UNAMERICAS,LATAMER,361.666,1142.86456
19661598,PHILIPPINE,NONBIOJETK,2019,AVBUNK,-1625.126,PHILIPPINE,Philippines,PHL,NONOECD,ASIAPAC,NO,country,UNASIA,ASIA,1625.126,5135.39816
19661604,PHILIPPINE,NONBIOJETK,2019,DOMESAIR,623.767,PHILIPPINE,Philippines,PHL,NONOECD,ASIAPAC,NO,country,UNASIA,ASIA,623.767,1971.1037200000003
19781783,POLAND,NONBIOJETK,2019,AVBUNK,-1047.744,POLAND,Poland,POL,OECD,EUROPE,YES,country,UNEUROPE,OECDEUR,1047.744,3310.87104
19781791,POLAND,NONBIOJETK,2019,DOMESAIR,28.844,POLAND,Poland,POL,OECD,EUROPE,YES,country,UNEUROPE,OECDEUR,28.844,91.14704
19864933,PORTUGAL,NONBIOJETK,2019,AVBUNK,-1419.770,PORTUGAL,Portugal,PRT,OECD,EUROPE,YES,country,UNEUROPE,OECDEUR,1419.77,4486.4732
19864939,PORTUGAL,NONBIOJETK,2019,DOMESAIR,160.914,PORTUGAL,Portugal,PRT,OECD,EUROPE,YES,country,UNEUROPE,OECDEUR,160.914,508.48823999999996
19982386,QATAR,NONBIOJETK,2019,AVBUNK,-4603.451,QATAR,Qatar,QAT,NONOECD,MIDDLE EAST,NO,country,UNASIA,MIDEAST,4603.451,14546.90516
20127701,ROMANIA,NONBIOJETK,2019,AVBUNK,-130.610,ROMANIA,Romania,ROU,NONOECD,EUROPE,YES,country,UNEUROPE,EURASIA,130.61,412.72760000000005
20127708,ROMANIA,NONBIOJETK,2019,DOMESAIR,53.846,ROMANIA,Romania,ROU,NONOECD,EUROPE,YES,country,UNEUROPE,EURASIA,53.846,170.15336
20364029,RUSSIA,NONBIOJETK,2019,AVBUNK,-5700.000,RUSSIA,Russia,RUS,NONOECD,EUROPE,NO,country,UNEUROPE,EURASIA,5700.0,18012.0
20364035,RUSSIA,NONBIOJETK,2019,DOMESAIR,5700.000,RUSSIA,Russia,RUS,NONOECD,EUROPE,NO,country,UNEUROPE,EURASIA,5700.0,18012.0
20556209,SAUDIARABI,NONBIOJETK,2019,AVBUNK,-3432.655,SAUDIARABI,Saudi Arabia,SAU,NONOECD,MIDDLE EAST,NO,country,UNASIA,MIDEAST,3432.655,10847.189800000002
20556214,SAUDIARABI,NONBIOJETK,2019,DOMESAIR,821.367,SAUDIARABI,Saudi Arabia,SAU,NONOECD,MIDDLE EAST,NO,country,UNASIA,MIDEAST,821.367,2595.51972
20693259,SENEGAL,NONBIOJETK,2019,AVBUNK,-191.594,SENEGAL,Senegal,SEN,NONOECD,AFRICA,NO,country,AFRICA,AFRICA,191.594,605.43704
20693265,SENEGAL,NONBIOJETK,2019,DOMESAIR,3.362,SENEGAL,Senegal,SEN,NONOECD,AFRICA,NO,country,AFRICA,AFRICA,3.362,10.62392
20917469,SERBIA,NONBIOJETK,2019,AVBUNK,-137.298,SERBIA,Serbia,SRB,NONOECD,EUROPE,NO,country,UNEUROPE,EURASIA,137.298,433.86168000000004
21107699,SINGAPORE,NONBIOJETK,2019,AVBUNK,-8428.478,SINGAPORE,Singapore,SGP,NONOECD,ASIAPAC,NO,country,UNASIA,ASIA,8428.478,26633.990479999997
21257216,SLOVAKIA,NONBIOJETK,2019,AVBUNK,-44.000,SLOVAKIA,Slovak republic,SVK,OECD,EUROPE,YES,country,UNEUROPE,OECDEUR,44.0,139.04000000000002
21486717,SLOVENIA,NONBIOJETK,2019,AVBUNK,-26.444,SLOVENIA,Slovenia,SVN,OECD,EUROPE,YES,country,UNEUROPE,OECDEUR,26.444,83.56304
21680971,SOUTHAFRIC,NONBIOJETK,2019,AVBUNK,-1185.657,SOUTHAFRIC,South Africa,ZAF,NONOECD,AFRICA,NO,country,AFRICA,AFRICA,1185.657,3746.67612
21680976,SOUTHAFRIC,NONBIOJETK,2019,DOMESAIR,1134.611,SOUTHAFRIC,South Africa,ZAF,NONOECD,AFRICA,NO,country,AFRICA,AFRICA,1134.611,3585.3707600000007
21789767,SPAIN,NONBIOJETK,2019,AVBUNK,-4643.000,SPAIN,Spain,ESP,OECD,EUROPE,YES,country,UNEUROPE,OECDEUR,4643.0,14671.880000000001
21789774,SPAIN,NONBIOJETK,2019,DOMESAIR,2253.000,SPAIN,Spain,ESP,OECD,EUROPE,YES,country,UNEUROPE,OECDEUR,2253.0,7119.4800000000005
21907028,SRILANKA,NONBIOJETK,2019,AVBUNK,-501.412,SRILANKA,Sri Lanka,LKA,NONOECD,ASIAPAC,NO,country,UNASIA,ASIA,501.412,1584.46192
21907034,SRILANKA,NONBIOJETK,2019,DOMESAIR,5.395,SRILANKA,Sri Lanka,LKA,NONOECD,ASIAPAC,NO,country,UNASIA,ASIA,5.395,17.048199999999998
22225529,SSUDAN,NONBIOJETK,2019,AVBUNK,-83.337,SSUDAN,South Sudan,SSD,NONOECD,AFRICA,NO,country,AFRICA,AFRICA,83.337,263.34492
22225534,SSUDAN,NONBIOJETK,2019,DOMESAIR,4.386,SSUDAN,South Sudan,SSD,NONOECD,AFRICA,NO,country,AFRICA,AFRICA,4.386,13.859760000000001
22470536,SUDAN,NONBIOJETK,2019,AVBUNK,-169.304,SUDAN,Sudan,SDN,NONOECD,AFRICA,NO,country,AFRICA,AFRICA,169.304,535.00064
22470540,SUDAN,NONBIOJETK,2019,DOMESAIR,33.933,SUDAN,Sudan,SDN,NONOECD,AFRICA,NO,country,AFRICA,AFRICA,33.933,107.22828
22735024,SURINAME,NONBIOJETK,2019,AVBUNK,-43.791,SURINAME,Suriname,SUR,NONOECD,AMERICA,NO,country,UNAMERICAS,LATAMER,43.791,138.37956
22918071,SWEDEN,NONBIOJETK,2019,AVBUNK,-866.970,SWEDEN,Sweden,SWE,OECD,EUROPE,YES,country,UNEUROPE,OECDEUR,866.97,2739.6252000000004
22918078,SWEDEN,NONBIOJETK,2019,DOMESAIR,154.004,SWEDEN,Sweden,SWE,OECD,EUROPE,YES,country,UNEUROPE,OECDEUR,154.004,486.65264
22999649,SWITLAND,NONBIOJETK,2019,AVBUNK,-1812.795,SWITLAND,Switzerland,CHE,OECD,EUROPE,NO,country,UNEUROPE,OECDEUR,1812.795,5728.4322
22999656,SWITLAND,NONBIOJETK,2019,DOMESAIR,61.495,SWITLAND,Switzerland,CHE,OECD,EUROPE,NO,country,UNEUROPE,OECDEUR,61.495,194.3242
23114803,SYRIA,NONBIOJETK,2019,AVBUNK,-6.300,SYRIA,Syria,SYR,NONOECD,MIDDLE EAST,NO,country,UNASIA,MIDEAST,6.3,19.908
23114807,SYRIA,NONBIOJETK,2019,DOMESAIR,59.400,SYRIA,Syria,SYR,NONOECD,MIDDLE EAST,NO,country,UNASIA,MIDEAST,59.4,187.704
23258566,TAIPEI,NONBIOJETK,2019,AVBUNK,-3005.584,TAIPEI,Chinese Taipei,TWN,NONOECD,ASIAPAC,NO,country,UNASIA,ASIA,3005.584,9497.64544
23258575,TAIPEI,NONBIOJETK,2019,DOMESAIR,93.624,TAIPEI,Chinese Taipei,TWN,NONOECD,ASIAPAC,NO,country,UNASIA,ASIA,93.624,295.85184
23483401,TAJIKISTAN,NONBIOJETK,2019,AVBUNK,-40.100,TAJIKISTAN,Tajikistan,TJK,NONOECD,EUROPE,NO,country,UNASIA,EURASIA,40.1,126.71600000000001
23670353,TANZANIA,NONBIOJETK,2019,AVBUNK,-139.383,TANZANIA,Tanzania,TZA,NONOECD,AFRICA,NO,country,AFRICA,AFRICA,139.383,440.4502800000001
23670357,TANZANIA,NONBIOJETK,2019,DOMESAIR,23.872,TANZANIA,Tanzania,TZA,NONOECD,AFRICA,NO,country,AFRICA,AFRICA,23.872,75.43552
23811505,THAILAND,NONBIOJETK,2019,AVBUNK,-4612.232,THAILAND,Thailand,THA,NONOECD,ASIAPAC,NO,country,UNASIA,ASIA,4612.232,14574.65312
23811511,THAILAND,NONBIOJETK,2019,DOMESAIR,749.797,THAILAND,Thailand,THA,NONOECD,ASIAPAC,NO,country,UNASIA,ASIA,749.797,2369.35852
23949960,TOGO,NONBIOJETK,2019,AVBUNK,-65.285,TOGO,Togo,TGO,NONOECD,AFRICA,NO,country,AFRICA,AFRICA,65.285,206.3006
24087146,TRINIDAD,NONBIOJETK,2019,AVBUNK,-169.938,TRINIDAD,Trinidad and Tobago,TTO,NONOECD,AMERICA,NO,country,UNAMERICAS,LATAMER,169.938,537.0040799999999
24087152,TRINIDAD,NONBIOJETK,2019,DOMESAIR,77.103,TRINIDAD,Trinidad and Tobago,TTO,NONOECD,AMERICA,NO,country,UNAMERICAS,LATAMER,77.103,243.64548
24225533,TUNISIA,NONBIOJETK,2019,AVBUNK,-299.969,TUNISIA,Tunisia,TUN,NONOECD,AFRICA,NO,country,AFRICA,AFRICA,299.969,947.90204
24225539,TUNISIA,NONBIOJETK,2019,DOMESAIR,4.568,TUNISIA,Tunisia,TUN,NONOECD,AFRICA,NO,country,AFRICA,AFRICA,4.568,14.43488
24329718,TURKEY,NONBIOJETK,2019,AVBUNK,-4289.000,TURKEY,Turkey,TUR,OECD,EUROPE,NO,country,UNASIA,OECDEUR,4289.0,13553.24
24329723,TURKEY,NONBIOJETK,2019,DOMESAIR,1173.000,TURKEY,Turkey,TUR,OECD,EUROPE,NO,country,UNASIA,OECDEUR,1173.0,3706.6800000000003
24526361,TURKMENIST,NONBIOJETK,2019,AVBUNK,-470.000,TURKMENIST,Turkmenistan,TKM,NONOECD,EUROPE,NO,country,UNEUROPE,EURASIA,470.0,1485.2
24713432,UAE,NONBIOJETK,2019,AVBUNK,-7173.400,UAE,United Arab Emirates,ARE,NONOECD,MIDDLE EAST,NO,country,UNASIA,MIDEAST,7173.4,22667.944
24713436,UAE,NONBIOJETK,2019,DOMESAIR,363.956,UAE,United Arab Emirates,ARE,NONOECD,MIDDLE EAST,NO,country,UNASIA,MIDEAST,363.956,1150.1009600000002
25100708,UK,NONBIOJETK,2019,AVBUNK,-11512.072,UK,United Kingdom,GBR,OECD,EUROPE,YES,country,UNEUROPE,OECDEUR,11512.072,36378.14752
25100715,UK,NONBIOJETK,2019,DOMESAIR,866.500,UK,United Kingdom,GBR,OECD,EUROPE,YES,country,UNEUROPE,OECDEUR,866.5,2738.1400000000003
25193440,USA,NONBIOJETK,2019,AVBUNK,-24040.000,USA,United States,USA,OECD,AMERICA,NO,country,UNAMERICAS,OECDAM,24040.0,75966.40000000001
25193451,USA,NONBIOJETK,2019,DOMESAIR,56095.619,USA,United States,USA,OECD,AMERICA,NO,country,UNAMERICAS,OECDAM,56095.619,177262.15604
25311752,URUGUAY,NONBIOJETK,2019,AVBUNK,-97.062,URUGUAY,Uruguay,URY,NONOECD,AMERICA,NO,country,UNAMERICAS,LATAMER,97.062,306.71592
25311759,URUGUAY,NONBIOJETK,2019,DOMESAIR,2.030,URUGUAY,Uruguay,URY,NONOECD,AMERICA,NO,country,UNAMERICAS,LATAMER,2.03,6.4148
25534033,UZBEKISTAN,NONBIOJETK,2019,AVBUNK,-132.543,UZBEKISTAN,Uzbekistan,UZB,NONOECD,EUROPE,NO,country,UNASIA,EURASIA,132.543,418.83588000000003
25534038,UZBEKISTAN,NONBIOJETK,2019,DOMESAIR,4.939,UZBEKISTAN,Uzbekistan,UZB,NONOECD,EUROPE,NO,country,UNASIA,EURASIA,4.939,15.607240000000001
25725538,VENEZUELA,NONBIOJETK,2019,AVBUNK,-163.863,VENEZUELA,Venezuela,VEN,NONOECD,AMERICA,NO,country,UNAMERICAS,LATAMER,163.863,517.80708
25725543,VENEZUELA,NONBIOJETK,2019,DOMESAIR,81.931,VENEZUELA,Venezuela,VEN,NONOECD,AMERICA,NO,country,UNAMERICAS,LATAMER,81.931,258.90196000000003
25865874,VIETNAM,NONBIOJETK,2019,AVBUNK,-1276.606,VIETNAM,Vietnam,VNM,NONOECD,ASIAPAC,NO,country,UNASIA,ASIA,1276.606,4034.0749600000004
25865879,VIETNAM,NONBIOJETK,2019,DOMESAIR,841.000,VIETNAM,Vietnam,VNM,NONOECD,ASIAPAC,NO,country,UNASIA,ASIA,841.0,2657.56
26002023,YEMEN,NONBIOJETK,2019,AVBUNK,-6.587,YEMEN,Yemen,YEM,NONOECD,MIDDLE EAST,NO,country,UNASIA,MIDEAST,6.587,20.81492
26138668,ZAMBIA,NONBIOJETK,2019,AVBUNK,-13.136,ZAMBIA,Zambia,ZMB,NONOECD,AFRICA,NO,country,AFRICA,AFRICA,13.136,41.50976
26138673,ZAMBIA,NONBIOJETK,2019,DOMESAIR,0.207,ZAMBIA,Zambia,ZMB,NONOECD,AFRICA,NO,country,AFRICA,AFRICA,0.207,0.65412
26277647,ZIMBABWE,NONBIOJETK,2019,AVBUNK,-50.028,ZIMBABWE,Zimbabwe,ZWE,NONOECD,AFRICA,NO,country,AFRICA,AFRICA,50.028,158.08848
26458286,FSUND,BIOJETKERO,2019,AVBUNK,x,FSUND,Soviet Union,,NONOECD,EUROPE,NO,former_country,UNEUROPE,EURASIA,0.0,0.0
26458350,FSUND,BIOJETKERO,2019,DOMESAIR,x,FSUND,Soviet Union,,NONOECD,EUROPE,NO,former_country,UNEUROPE,EURASIA,0.0,0.0
26549796,FSUND,NONBIOJETK,2019,AVBUNK,x,FSUND,Soviet Union,,NONOECD,EUROPE,NO,former_country,UNEUROPE,EURASIA,0.0,0.0
26549860,FSUND,NONBIOJETK,2019,DOMESAIR,x,FSUND,Soviet Union,,NONOECD,EUROPE,NO,former_country,UNEUROPE,EURASIA,0.0,0.0
26812285,YUGOND,BIOJETKERO,2019,AVBUNK,x,YUGOND,Yogoslavia,,NONOECD,EUROPE,NO,former_country,UNEUROPE,EURASIA,0.0,0.0
26812349,YUGOND,BIOJETKERO,2019,DOMESAIR,x,YUGOND,Yogoslavia,,NONOECD,EUROPE,NO,former_country,UNEUROPE,EURASIA,0.0,0.0
26903249,YUGOND,NONBIOJETK,2019,AVBUNK,x,YUGOND,Yogoslavia,,NONOECD,EUROPE,NO,former_country,UNEUROPE,EURASIA,0.0,0.0
26903313,YUGOND,NONBIOJETK,2019,DOMESAIR,x,YUGOND,Yogoslavia,,NONOECD,EUROPE,NO,former_country,UNEUROPE,EURASIA,0.0,0.0
27121802,OTHERAFRIC,NONBIOJETK,2019,AVBUNK,-598.890,OTHERAFRIC,Other Africa,,NONOECD,AFRICA,NO,other_country,AFRICA,AFRICA,598.89,1892.4924
27121807,OTHERAFRIC,NONBIOJETK,2019,DOMESAIR,77.118,OTHERAFRIC,Other Africa,,NONOECD,AFRICA,NO,other_country,AFRICA,AFRICA,77.118,243.69288
27262944,OTHERLATIN,NONBIOJETK,2019,AVBUNK,-479.260,OTHERLATIN,Other non-oecd Americas,,NONOECD,AMERICA,NO,other_country,UNAMERICAS,LATAMER,479.26,1514.4616
27262948,OTHERLATIN,NONBIOJETK,2019,DOMESAIR,13.584,OTHERLATIN,Other non-oecd Americas,,NONOECD,AMERICA,NO,other_country,UNAMERICAS,LATAMER,13.584,42.92544
27402706,OTHERASIA,NONBIOJETK,2019,AVBUNK,-210.210,OTHERASIA,Other non-oecd Asia,,NONOECD,ASIAPAC,NO,other_country,UNASIA,ASIA,210.21,664.2636000000001
27402711,OTHERASIA,NONBIOJETK,2019,DOMESAIR,170.673,OTHERASIA,Other non-oecd Asia,,NONOECD,ASIAPAC,NO,other_country,UNASIA,ASIA,170.673,539.32668
