aircraft_osky;acft_icao;acft_class;seymour_proxy
B738;B738;NB;B738
A320;A320;NB;A320
A319;A319;NB;A319
B737;B737;NB;B737
A321;A321;NB;A321
E75L;E75L;RJ;E75L
B739;B739;NB;B739
CRJ9;CRJ9;RJ;CRJ9
B77W;B77W;WB;B77W
B752;B752;NB;B752
CRJ2;CRJ2;RJ;CRJ2
A333;A333;WB;A333
DH8D;DH8D;TP;DH8D
A20N;A20N;NB;A20N
B763;B763;WB;B763
E75S;E75S;RJ;E75S
C208;C208;TP;C208
CRJ7;CRJ7;RJ;CRJ7
B772;B772;WB;B772
E145;E145;RJ;E145
A332;A332;WB;A332
AT76;AT76;TP;AT72
A388;A388;WB;A388
C172;C172;PP;C172
B744;B744;WB;B744
B788;B788;WB;B788
E190;E190;RJ;E190
E195;E190;RJ;E190
B712;B712;NB;B712
PC12;PC12;TP;PC12
B789;B789;WB;B789
AS50;AS50;HE;zzz
EC30;EC30;HE;zzz
A359;A359;WB;A359
E170;E170;RJ;E170
B77L;B77L;WB;B77L
A306;A306;WB;A306
C56X;C56X;PJ;C680
E45X;E45X;RJ;E145
BE20;BE20;TP;BE20
E55P;E55P;PJ;E55P
EC35;EC35;HE;zzz
B350;B350;TP;B735
B748;B748;WB;B748
B407;B407;HE;zzz
MD88;MD88;NB;MD88
P28A;P28A;PP;P28B
EC45;EC45;HE;zzz
B734;B734;NB;B734
B06;B06;HE;zzz
CL35;CL35;PJ;zzz
MD11;MD11;WB;A343
BCS3;BCS3;NB;BCS3
R44;R44;HE;zzz
CL30;CL30;PJ;C310
A318;A318;NB;A318
A21N;A21N;NB;A21N
A139;A139;HE;zzz
DH8C;DH8C;TP;DH8C
B753;B753;NB;B753
MD90;MD90;NB;MD90
G550;GLF5;PJ;GLF5
C680;C680;PJ;C680
BE9L;BE9L;TP;zzz
B733;B733;NB;B733
C25B;C25B;PJ;C25A
C560;C560;PJ;C680
DHC6;DHC6;TP;DHC6
C68A;C68A;PJ;C680
DA40;DA40;PP;C172
C750;C750;PJ;C680
CRJX;CRJX;RJ;CRJX
CL65;CL60;PJ;C680
BCS1;BCS1;NB;BCS1
R22;R22;HE;zzz
H25B;H25B;PJ;zzz
B762;B762;WB;B762
AT75;AT75;TP;AT72
C510;C510;PJ;C680
GLF4;GLF4;PJ;GLF4
BE40;BE40;PJ;BE40
G450;GLF4;PJ;GLF4
C525;C525;PJ;C25A
LJ45;LJ45;PJ;C680
B429;B429;HE;zzz
C25A;C25A;PJ;C25A
GL6T;GLF6;PJ;GLF4
SF34;SF34;TP;SF34
H500;H500;HE;zzz
B736;B736;NB;B736
B764;B764;WB;B764
GLEX;GLEX;PJ;CRJ7
A343;A343;WB;A343
BE99;BE99;TP;zzz
CL64;CL60;PJ;C680
C25C;C25C;PJ;C25A
RJ85;RJ85;RJ;RJ85
G650;GLF6;PJ;GLF4
S76;S76;HE;zzz
E50P;E50P;PJ;E55P
A346;A346;WB;A346
FA7X;FA7X;PJ;CRJ7
F2LX;FA20;PJ;A20N
B735;B735;NB;B735
PC21;PC21;TP;PC12
LJ35;LJ35;PJ;C680
C182;C182;PP;C172
SR22;SR22;PP;zzz
GL5T;GL5T;PJ;GLF5
P46T;P46T;TP;PA46
LJ60;LJ60;PJ;C680
F9EX;F900;PJ;F100
F2EX;FA20;PJ;CRJ7
F2TH;F2TH;PJ;C680
E35L;E35L;PJ;E135
E135;E135;RJ;E135
C152;C152;PP;C172
C17;C17;OTHER;B747
B773;B773;WB;B773
DV20;DV20;PP;zzz
TEX2;TEX2;TP;zzz
E140;E135;RJ;E135
LJ75;LJ75;PJ;C680
G280;G280;PJ;C680
GLF5;GLF5;PJ;GLF5
SU95;SU95;RJ;SU95
TBM8;TBM8;TP;zzz
B38M;B38M;NB;B38M
DA42;DA42;PP;c172
RJ1H;RJ1H;RJ;RJ1H
P750;P750;TP;zzz
SW4;SW4;TP;SW4
C25M;C25M;PJ;C25A
R66;R66;HE;zzz
G200;G200;PP;zzz
TBM9;TBM9;TP;PC12
DC10;DC10;WB;A343
A35K;A35K;WB;A35K
F900;F900;PJ;CRJ2
C55B;C55B;PJ;C680
B190;B190;TP;B190
EC20;EC20;HE;zzz
PA44;PA44;PP;PA46
PRM1;PRM1;PJ;zzz
TBM7;TBM7;TP;PC12
C550;C550;PJ;C680
PA34;PA34;PP;PA46
H900;zzz;OTHER;zzz
DR40;DR40;PP;C172
DH8A;DH8A;TP;DH8A
C441;C441;TP;zzz
CT4;CT4;PP;zzz
G150;G150;PJ;C680
BK17;BK17;HE;zzz
B412;B412;HE;zzz
LJ40;LJ40;PJ;C680
C650;C650;PJ;C680
A109;A109;HE;zzz
EA50;EA50;PJ;zzz
S22T;S22T;PP;zzz
CL61;CL60;PJ;C680
DHC2;DHC2;PP;DHC2
CRJ1;CRJ1;RJ;CRJ1
A169;A169;HE;zzz
A119;A119;HE;zzz
E545;E545;PJ;E145
A310;A310;WB;A310
172S;C172;PP;C172
F100;F100;RJ;F100
BE30;BE30;TP;BE20
DH3T;DH3T;TP;DHC3
E550;E550;PJ;BE55
P28R;P28R;PP;P28B
G2CA;G2CA;HE;zzz
FA50;FA50;PJ;C680
GLID;GLID;OTHER;zzz
PC9;PC9;TP;PC12
AT43;AT43;TP;AT43
BE36;BE36;PP;P28B
F5EX;FA6X;PJ;CRJ7
B78X;B78X;WB;B78X
SC7;SC7;TP;zzz
PA31;PA31;PP;PA31
SKYHAWK;A4;OTHER;A140
AT46;AT46;TP;AT43
A3ST;A3ST;WB;A306
PC6T;PC6T;TP;zzz
C42;C42;PP;zzz
P180;P180;TP;zzz
BE58;BE58;PP;zzz
CL60;CL60;PJ;C680
M20P;M20P;PP;zzz
D328;D328;TP;D328
D228;D228;TP;D228
LJ31;LJ31;PJ;C680
P68;P68;PP;zzz
AT72;AT72;TP;AT72
F9LX;F900;PJ;CRJ7
C30J;C30J;TP;zzz
HDJT;HDJT;PJ;zzz
C501;C501;PJ;zzz
FDCT;FDCT;PP;zzz
MU2;MU2;TP;zzz
UH1;UH1;HE;zzz
F2TS;FA20;PJ;C680
MD52;MD52;HE;zzz
AC90;AC90;TP;zzz
SH36;SH36;TP;zzz
C150;C150;PP;C172
WT9;WT9;PP;zzz
PA46;PA46;PP;PA46
BE35;BE35;PP;zzz
BE9T;BE9T;TP;zzz
SR20;SR20;PP;zzz
A339;A339;WB;A339
B463;B463;RJ;B463
SLG2;SLG2;PP;zzz
C130;C130;TP;zzz
PAY1;PAY1;TP;zzz
PA32;PA32;PP;P28B
C402;C402;PP;zzz
S92;S92;HE;zzz
CL85;CRJ2;PJ;CRJ2
DIMO;DIMO;PP;zzz
AS65;AS65;HE;zzz
A189;A189;HE;zzz
HA4T;HA4T;PJ;zzz
C206;C206;PP;C208
JS32;JS32;TP;zzz
FA20;FA20;PJ;CRJ2
B212;B212;HE;zzz
T6;T6;PP;zzz
ASTR;ASTR;PJ;zzz
C425;C425;TP;zzz
DH8B;DH8B;TP;DH8B
S2P;S2P;PP;zzz
EV97;EV97;PP;zzz
C210;C210;PP;C208
PAY2;PAY2;TP;zzz
BE76;BE76;PP;zzz
AA5;AA5;PP;zzz
E175;E75S;RJ;E75S
PC24;PC24;PJ;CRJ2
P32R;P32R;PP;zzz
T34P;T34P;PP;zzz
EC75;EC75;HE;zzz
NG5;NG5;PP;zzz
BE33;BE33;PP;zzz
FA8X;FA8X;PJ;CRJ7
B77F;B77L;WB;B77L
 A320;A320;NB;A320
DA62;DA62;PP;zzz
A32N;A20N;NB;A20N
KODI;KODI;TP;zzz
B462;B462;RJ;B462
LJ70;LJ70;PJ;CRJ7
DH2T;DH2T;TP;DHC2
A400;A400;TP;A140
P208;P208;PP;zzz
RV7;RV7;PP;zzz
AS32;AS32;HE;zzz
H60;H60;HE;zzz
ULAC;ULAC;OTHER;zzz
C212;C212;TP;zzz
CRUZ;CRUZ;PP;zzz
TB20;TB20;PP;PA31
C82R;C82R;PP;zzz
BE55;BE55;PP;BE55
AC50;AC50;PP;zzz
PA30;PA30;PP;zzz
F70;F70;RJ;F70
A320-251N;A20N;NB;A20N
T206;T206;PP;T204
C310;C310;PP;C310
SW3;SW3;TP;SW4
LJ55;LJ55;PJ;CRJ2
BE10;BE10;TP;zzz
B783;B788;WB;B788
EA55;zzz;OTHER;zzz
GALX;GALX;PJ;CRJ7
ECHO;ECHO;PP;zzz
P28T;P28T;PP;P28B
E120;E120;TP;E120
B505;zzz;OTHER;zzz
M600;M600;PP;zzz
PA28;P28A;PP;P28B
C72R;C72R;PP;C172
TOBA;TOBA;PP;zzz
A321-231 ;A321;NB;A321
A210;A210;PP;C172
RV12;RV12;PP;zzz
H750;zzz;OTHER;zzz
GLF6;GLF6;PJ;GLF4
M20T;M20T;PP;zzz
AS55;AS55;HE;zzz
C77R;C77R;PP;zzz
ST75;ST75;PP;zzz
P8;P8;OTHER;B738
GLF3;GLF3;PJ;GLF4
J328;J328;RJ;J328
T38;T38;OTHER;zzz
AC95;AC95;TP;zzz
BN2P;BN2P;PP;BN2P
EPIC;EPIC;TP;zzz
GA8;GA8;PP;zzz
B728;B738;NB;B738
P28B;P28B;PP;P28B
C177;C177;PP;C172
AP32;zzz;OTHER;zzz
C421;C421;PP;zzz
L8;L8;PP;zzz
RV8;RV8;PP;zzz
MD83;MD83;NB;MD83
E110;E110;TP;E110
C340;C340;PP;C310
DC3;DC3;PP;DHC3
AT45;AT45;TP;AT43
SIRA;SIRA;PP;zzz
AT73;AT73;TP;AT72
C2;C2;TP;zzz
PA24;PA24;PP;P28B
P210;P210;PP;zzz
H269;H269;HE;zzz
PA18;PA18;PP;P28B
C82S;C82S;PP;zzz
L39;L39;OTHER;zzz
EUPA;EUPA;PP;zzz
A319-111;a319;NB;A319
PAT4;PAT4;TP;zzz
G400;GLF4;PJ;GLF4
SKRA;SKRA;PP;zzz
C414;C414;PP;zzz
GX;GX;PP;zzz
BREZ;BREZ;PP;zzz
PNR3;PNR3;PP;zzz
T210;T210;PP;T204
PA27;PA27;PP;AJ27
MD82;MD82;NB;MD82
H25C;H25C;PJ;zzz
SF25;SF25;PP;zzz
RV6;RV6;PP;zzz
F9DX;F900;PJ;GLF4
P51;P51;PP;zzz
G3;G3;PP;zzz
FK9;FK9;PP;zzz
B777F;B77L;WB;B77L
B138;B738;NB;B738
B777;B772;WB;B772
C172S;C172;PP;C172
V10;V10;TP;zzz
PAY3;PAY3;TP;zzz
S64;S64;HE;zzz
GL7T;GLF6;PJ;GLF4
TL20;TL20;PP;T204
C551;C551;PJ;C680
B17;B17;PP;zzz
U21;U21;TP;zzz
DHC3;DHC3;PP;DHC3
G650ER;GLF6;PJ;GLF4
CJ6;CJ6;PP;zzz
C180;C180;PP;C172
SBR1;SBR1;PJ;zzz
zzz;zzz;OTHER;zzz
680 Citation Latitude;C68A;PJ;C680
C2GA;zzz;OTHER;zzz
ATP;ATP;TP;ATP
P06T;P06T;PP;zzz
A320-214;A320;NB;A320
A124;A124;OTHER;A140
G350;GLF3;PJ;GLF4
WW24;WW24;PJ;zzz
C500;C500;PJ;zzz
RV9;RV9;PP;zzz
VL3;VL3;PP;zzz
G300;G300;PP;zzz
CH60;CH60;PP;zzz
EC55;EC55;HE;zzz
Falcon 8X;FA8X;PJ;CRJ7
C404;C404;PP;zzz
MM16;MM16;OTHER;zzz
B25;B25;PP;zzz
AN2;AN2;PP;zzz
G109;G109;PP;zzz
LJ36;LJ35;PJ;zzz
FA10;FA10;PJ;zzz
AC11;AC11;PP;zzz
A330;A332;WB;A332
B732;B732;NB;B732
K35R;K35R;OTHER;zzz
EXPL;EXPL;HE;zzz
S211;S211;OTHER;zzz
F406;F406;TP;F406
DR10;DR10;PP;zzz
RALL;RALL;PP;zzz
G100;ASTR;PJ;zzz
SF50;SF50;PJ;zzz
E737;E737;OTHER;B737
EFOX;EFOX;PP;zzz
BALL;BALL;OTHER;zzz
COL4;COL4;PP;zzz
B430;B430;HE;zzz
BE95;BE95;PP;zzz
B427;B427;HE;zzz
HUNT;HUNT;OTHER;zzz
737;B737;NB;B737
BT36;BT36;PP;zzz
C185;C185;PP;zzz
E290;zzz;OTHER;zzz
EN28;EN28;HE;zzz
A4;A4;OTHER;zzz
A320-200;A320;NB;A320
NH90;NH90;HE;zzz
MM24;MM24;OTHER;zzz
A20B;A20;PP;zzz
182B;C182;PP;C172
G500;GLF5;PJ;GLF5
CVLT;CVLT;TP;CVLT
P28U;P28U;PP;P28B
MCR4;MCR4;PP;zzz
PA38;PA38;PP;zzz
172P;C172;PP;C172
DG1T;DG1T;PP;zzz
E3TF;E3TF;OTHER;zzz
G44;G44;OTHER;zzz
UNDEFINED;zzz;OTHER;zzz
C27J;C27J;TP;zzz
A148;A148;RJ;A148
E6;E6;OTHER;zzz
CLON;CLON;OTHER;zzz
PZ3T;PZ3T;TP;zzz
T28;T28;PP;zzz
M7;M7;PP;zzz
BE18;BE18;PP;zzz
RF6;RF6;PP;zzz
Airbus A320-214 (SL);A320;NB;A320
RV10;RV10;PP;zzz
SB7;SB7;PP;zzz
J3;J3;PP;zzz
AP22;AP22;PP;zzz
L410;L410;TP;L410
CCX;C56X;PJ;zzz
B722;B722;WB;B722
T204;T204;NB;T204
B24;B24;PP;zzz
A342;A342;WB;A342
PA22;PA22;PP;zzz
VTOR;VTOR;TP;zzz
COY2;COY2;PP;zzz
C172N;C172;PP;C172
Z26;Z26;PP;zzz
PA-44;PA44;PP;PA46
PIVI;PIVI;PP;zzz
C207;C207;PP;C208
EXEC;EXEC;HE;zzz
C303;C303;PP;C310
T214;T204;NB;T204
E300;E300;PP;zzz
EVSS;EVSS;PP;zzz
480B;zzz;OTHER;zzz
PAY4;PAY4;TP;zzz
IL96;IL96;WB;IL96
B105;B105;HE;zzz
GY80;GY80;PP;zzz
HUSK;HUSK;PP;zzz
B47G;B47G;HE;zzz
TAMP;TAMP;PP;zzz
C337;C337;PP;zzz
PNR4;PNR4;PP;zzz
CH7A;CH7A;PP;zzz
DH82;DH82;PP;DH8A
C5M;C5M;OTHER;zzz
MT;MT;OTHER;zzz
GOLF;GOLF;PP;zzz
B525;B525;HE;zzz
Z42;Z42;PP;zzz
S10S;S10S;PP;zzz
LJ25;LJ25;PJ;zzz
SB20;SB20;TP;SB20
GA5C;GA5C;PJ;zzz
CDUS;CDUS;OTHER;zzz
DUOD;DUOD;PP;zzz
R90R;R90R;PP;zzz
D11;D11;PP;zzz
F50;F50;TP;F50
CN35;CN35;TP;zzz
BE80;BE80;PP;zzz
PA28A;P28A;PP;P28B
C135;C135;OTHER;B722
CNJ;zzz;OTHER;zzz
PC7;PC7;TP;zzz
BDOG;BDOG;PP;zzz
PA39;P39;PP;zzz
AEST;AEST;PP;zzz
IL76;IL76;OTHER;IL96
VENT;VENT;PP;zzz
M108;M108;PP;zzz
PUP;PUP;PP;zzz
EC25;EC25;HE;zzz
P32T;P32T;PP;zzz
DC93;DC93;NB;DC94
AY72;AT72;TP;AT72
DC3T;DC3T;TP;zzz
SUBA;SUBA;PP;zzz
Falcon 7X;FA7X;PJ;zzz
BL8;BL8;PP;zzz
Ha-420;zzz;OTHER;zzz
TL30;TL30;PP;zzz
B58T;B58T;PP;zzz
PNR2;PNR2;PP;zzz
A30B;A30B;WB;A30B
C46;C46;PP;zzz
AS26;AS26;PP;zzz
E295;zzz;OTHER;zzz
P2006T;P06T;PP;zzz
TWEN;TWEN;PP;zzz
FOX;FOX;PP;zzz
LGEZ;LGEZ;PP;zzz
LNC2;LNC2;PP;zzz
SH33;SH33;TP;zzz
YK42;YK42;RJ;YK42
FK14;FK14;PP;zzz
GLF2;GLF2;PJ;zzz
A345;A345;WB;A345
BLCF;BLCF;WB;B744
TVL4;TVL4;PP;zzz
P28S;P28S;PP;P28B
D140;D140;PP;zzz
JS31;JS31;TP;JS31
LEGD;LEGD;PP;zzz
TRIM;TRIM;PP;zzz
H47;H47;HE;zzz
AN12;AN12;TP;AN24
O1;O1;PP;zzz
GA7;GA7;PP;zzz
MCR1;MCR1;PP;zzz
RV4;RV4;PP;zzz
AS29;AS29;PP;zzz
S61;S61;HE;zzz
G120;G120;PP;zzz
F2DX;FA20;PJ;CRJ2
BD-700-1A11 Global 5000;GL7T;PJ;CRJ7
UF10;UF10;PP;zzz
C240;C240;PP;zzz
CL4T;CL60;PJ;C680
TRIN;zzz;OTHER;zzz
RF5;RF5;PP;F50
CP10;CP10;PP;zzz
PIAT;PIAT;PP;zzz
GLAS;GLAS;PP;zzz
A19N;A19N;NB;A20N
182P;C182;PP;C172
ARCP;ARCP;PP;zzz
AS31;AS31;PP;zzz
AS25;AS25;PP;zzz
BE50;BE50;PP;zzz
RV14;RV14;PP;zzz
0;zzz;OTHER;zzz
AJET;AJET;OTHER;zzz
B721;B721;NB;B712
DG80;DG80;PP;zzz
MI8;MI8;HE;zzz
TUCA;TUCA;TP;zzz
EN48;EN48;HE;zzz
SC01;SC01;PP;zzz
FA5X;FA5X;PJ;CRJ7
KFIR;KFIR;OTHER;zzz
PISI;PISI;PP;zzz
PA17;PA17;PP;PA31
GYRO;GYRO;OTHER;zzz
LNC4;LNC4;PP;zzz
Falcom 2000EX;F2TH;PJ;CRJ7
AT8T;AT8T;TP;zzz
SKAR;SKAR;PP;zzz
HR20;HR20;PP;zzz
L200;L200;PP;zzz
LEG2;LEG2;PP;zzz
D253;D253;PP;zzz
PA23;PA23;PP;PA31
BE60;BE60;PP;BE20
E400;E400;PP;BE40
SLG4;SLG4;PP;zzz
LJ24;LJ24;PJ;zzz
DISC;DISC;PP;zzz
ALO3;ALO3;HE;zzz
C82T;C82T;PP;zzz
P149;P149;PP;zzz
EUFI;EUFI;OTHER;zzz
PP3;PP3;PP;zzz
A158;A158;RJ;A158
C170;C170;PP;C172
G-V;GLF5;PJ;GLF5
GAZL;GAZL;HE;zzz
CVLP;CVLP;PP;CVLT
STRK;STRK;OTHER;zzz
C700;CRJ7;PJ;CRJ7
M6;M6;PP;zzz
SVNH;SVNH;PP;zzz
T154;T154;NB;T154
FAET;FAET;PP;zzz
G600;GLF6;PJ;GLF4
T182;C182;PP;C172
DHC1;DHC1;PP;zzz
KP2;KP2;PP;zzz
S58T;S58T;HE;zzz
MD87;MD87;NB;MD87
R135;R135;OTHER;B722
KL07;KL07;PP;zzz
MD60;MD60;HE;zzz
PINO;PINO;PP;zzz
B214;B214;HE;zzz
T33;T33;OTHER;zzz
TBM;TBM;PP;zzz
D250;D250;PP;zzz
JAB4;JAB4;PP;zzz
C175;C175;PP;C172
LA60;LA60;PP;zzz
LANC;LANC;PP;zzz
TWST;zzz;OTHER;zzz
C06T;C06T;TP;zzz
B29;B29;PP;zzz
RC-12X;zzz;OTHER;zzz
TFUN;TFUN;PP;zzz
P3;P3;TP;zzz
P47;P47;PP;zzz
S108;S108;PP;zzz
SAKO;SAKO;PP;zzz
TEXA;TEXA;PP;zzz
D150;D150;PP;zzz
PA11;PA11;PP;zzz
TLEG;TLEG;TP;zzz
SAVG;SAVG;PP;zzz
ARV1;ARV1;PP;zzz
DA50;DA50;PP;zzz
EGRT;EGRT;TP;zzz
M28;M28;TP;zzz
PL2;PL2;PP;zzz
A1;A1;PP;zzz
AC6L;AC6L;PP;zzz
ALSL;ALSL;PP;zzz
DG50;DG50;PP;zzz
JPRO;JPRO;OTHER;zzz
KMAX;KMAX;HE;zzz
NIMB;NIMB;PP;zzz
RF3;RF3;PP;zzz
A330-200;A332;WB;A332
BOLT;BOLT;PP;zzz
ERCO;ERCO;PP;zzz
A660;A660;TP;zzz
BE23;BE23;PP;BE20
ESCP;ESCP;PP;zzz
F8L;F8L;PP;zzz
A500;A500;PP;zzz
FK12;FK12;PP;zzz
UF13;UF13;PP;zzz
AC68;AC68;PP;zzz
B767;B763;WB;B763
TRAL;TRAL;PP;zzz
D28T;D28T;TP;D228
B209;B209;PP;BE20
BE24;BE24;PP;BE20
R200;R200;PP;zzz
TEST;zzz;OTHER;zzz
MU30;MU30;PJ;zzz
PA20;PA20;PP;zzz
R182;C182;PP;C172
VALI;VALI;PP;zzz
PA14;PA14;PP;zzz
PULS;PULS;PP;zzz
UH12;UH12;HE;zzz
JUNR;JUNR;PP;zzz
B222;B222;HE;zzz
SREY;SREY;OTHER;zzz
DC91;DC91;NB;DC94
KC39;E390;OTHER;E190
PTS2;PTS2;PP;zzz
S55P;S55P;HE;zzz
SASY;SASY;PP;zzz
XAIR;XAIR;PP;zzz
K35T;K35R;OTHER;zzz
AN32;AN32;TP;zzz
G115;G115;PP;zzz
PK20;PK20;PP;zzz
YK52;YK52;PP;YK42
A319-115(CJ);A319;PJ;A319
B74S;B74S;WB;B734
CORS;CORS;PP;zzz
EH10;EH10;HE;zzz
MC23;MC23;NB;zzz
330-243MRTT;A332;OTHER;A332
BX2;BX2;PP;zzz
GLST;GLST;PP;zzz
LNCE;LNCE;PP;zzz
SU26;SU26;PP;zzz
B26;B26;PP;zzz
S58P;S58P;HE;zzz
T34T;T34T;TP;zzz
BD-700-1A10 Global Express;GLEX;PJ;zzz
C182S;C182;PP;C172
C320;C320;PP;zzz
DO28;DO28;PP;D228
DR22;DR22;PP;zzz
V22;V22;TP;zzz
X;zzz;OTHER;zzz
ZEPH;ZEPH;PP;zzz
AR15;AR15;PP;zzz
B703;B703;NB;B722
FURY;FURY;PP;zzz
G21;G21;OTHER;zzz
R90F;R90F;PP;zzz
SPIT;SPIT;PP;zzz
V280;zzz;OTHER;zzz
FA01;FA01;PP;zzz
IL62;IL62;NB;IL96
PKAN;PKAN;PP;zzz
PPRO;PPRO;PP;zzz
SEAW;SEAW;OTHER;zzz
CH7B;CH7B;PP;zzz
P40;P40;PP;zzz
RFAL;RFAL;OTHER;zzz
VTRA;VTRA;PP;zzz
AW119;A119;HE;zzz
CMDE;CMDE;OTHER;zzz
PICO;PICO;PP;zzz
PRIM;zzz;OTHER;zzz
SCRO;SCRO;PP;zzz
BE17;BE17;PP;zzz
CP30;CP30;PP;zzz
H145;EC45;HE;zzz
SB91;SB91;PP;zzz
DA7X;zzz;OTHER;zzz
EVOT;EVOT;TP;zzz
TRF1;TRF1;PP;zzz
COL3;COL3;PP;zzz
L29;L29;OTHER;zzz
S3;S3;OTHER;zzz
BRB2;BRB2;HE;zzz
DH60;DH60;PP;DHC6
DHC4;DHC4;PP;zzz
DR30;DR30;PP;zzz
J300;J300;PP;zzz
PA12;PA12;PP;PA31
Z602;zzz;OTHER;zzz
B36T;B36T;TP;zzz
DH89;DH89;PP;DH8A
FANT;FANT;PP;zzz
MP02;MP02;PP;zzz
XL2;XL2;PP;zzz
Y18T;Y18T;PP;zzz
J3C;J3;OTHER;zzz
DV1;DV1;PP;zzz
MRJ9;MRJ9;RJ;CRJ9
STRM;STRM;PP;zzz
TB21;TB21;PP;zzz
AN74;AN72;TP;AN24
AS24;AS24;PP;zzz
C140;C140;PP;zzz
J5;J5;PP;zzz
MI24;MI24;HE;zzz
PTMS;PTMS;PP;zzz
SU29;SU29;PP;zzz
YK50;YK50;PP;zzz
A350;AS50;HE;zzz
AS28;AS28;PP;zzz
D31;D31;PP;zzz
KP5;KP5;PP;zzz
L37;L37;PP;zzz
LM1;LMK1;OTHER;zzz
MM22;MM22;OTHER;zzz
BKUT;BKUT;PP;zzz
BN2T;BN2T;TP;BN2P
CH30;CH30;PP;zzz
LAE1;LAE1;EL;zzz
P66P;P66P;PP;zzz
PETR;PETR;OTHER;zzz
AR11;AR11;PP;zzz
G159;G159;TP;zzz
HAWK;HAWK;OTHER;zzz
NAVI;NAVI;PP;zzz
S15;SU15;OTHER;zzz
VEZE;VEZE;PP;zzz
AV68;AV68;PP;zzz
DH87;DH87;PP;zzz
L40;L40;PP;zzz
P337;P337;PP;zzz
340;C340;OTHER;zzz
APM2;APM2;PP;zzz
BL17;BL17;PP;zzz
E8;zzz;OTHER;zzz
JAB2;JAB2;PP;zzz
JS41;JS41;TP;JS41
L29B;L29B;PJ;zzz
MH90;zzz;OTHER;zzz
SJ30;SJ30;PJ;zzz
BCAT;BCAT;PP;zzz
SBR2;SBR2;PJ;zzz
TB30;TB30;PP;zzz
XA42;XA42;PP;zzz
B230;B230;HE;zzz
L12;L12;PP;zzz
MD81;MD81;NB;MD81
RENE;RENE;PP;zzz
S6;S6;PP;zzz
SATA;SATA;PJ;zzz
WA40;WA40;PP;zzz
BACE;zzz;OTHER;zzz
C195;C195;PP;zzz
CAPL;CAPL;PP;zzz
FA62;FA62;PP;zzz
H24;H204;PP;zzz
B200;BE20;PP;BE20
D6CR;D6CR;PP;zzz
EDGE;EDGE;PP;zzz
GNAT;GNAT;OTHER;zzz
J1;J1;PP;zzz
VELO;VELO;PP;zzz
BER2;BER2;OTHER;zzz
F5;F5;OTHER;zzz
JK05;JK05;PP;zzz
LA25;LA25;OTHER;zzz
NG4;NG4;PP;zzz
P220;P220;PP;zzz
RF4;RF4;PP;zzz
WA50;WA50;PP;zzz
WB57;WB57;OTHER;zzz
402B;zzz;OTHER;zzz
A178;A178;OTHER;zzz
CH75;CH75;PP;zzz
DC87;DC87;NB;MD87
DHC7;DHC7;TP;DHC7
LK17;LK17;PP;zzz
M326;M326;OTHER;zzz
R100;R100;PP;zzz
A10;A10;OTHER;zzz
A609;zzz;HE;zzz
AS20;AS20;PP;zzz
B742;B742;WB;B462
C30J-30 Hercules;C130;OTHER;zzz
CA41;CA41;PP;zzz
IS28;IS28;PP;zzz
L18;L18;PP;zzz
P68T;P68T;TP;zzz
P82;P82;PP;zzz
SCII;SCII;OTHER;zzz
UAV;zzz;OTHER;zzz
735;B735;NB;B735
AAT4;AAT4;PP;zzz
B300;BE30;PP;zzz
E3CF;E3CF;OTHER;zzz
MA5;MA5;PP;zzz
NIPR;NIPR;PP;zzz
SV4;SV4;PP;zzz
Z43;Z43;PP;zzz
321;A321;NB;A321
A748;A748;TP;zzz
AAT3;AAT3;PP;zzz
COZY;COZY;PP;zzz
DAL4;DAL4;PP;zzz
EV55;EV55;PP;zzz
F260;F260;PP;zzz
H60 ;H60;HE;zzz
JANU;JANU;PP;zzz
L13S;L13S;PP;zzz
MG17;MG17;OTHER;zzz
MS76;MS76;PJ;zzz
RBEL;RBEL;PP;zzz
SD4;SD4;PP;zzz
SHRK;SHRK;PP;zzz
TCAT;TCAT;PP;zzz
UHEL;UHEL;OTHER;zzz
ACAM;ACAM;PP;zzz
AS16;AS16;PP;zzz
B14A;B14A;PP;zzz
BE65;BE65;PP;BE55
DHC8;DH8C;TP;DH8C
F156;F156;PP;zzz
FA24;FA24;PP;zzz
GA6C;GA6C;PJ;zzz
H64;H64;HE;zzz
KA26;KA26;HE;zzz
LNP4;LNP4;TP;zzz
M20E;zzz;OTHER;zzz
MOSQ;MOSQ;PP;zzz
P63;P63;PP;zzz
RELI;RELI;PP;zzz
S208;S208;PP;zzz
SA30;SA30;PP;zzz
STAR;STAR;TP;zzz
SW2;SW2;TP;SW4
YAK3;YAK3;PP;zzz
319;A319;NB;A319
ALO2;ALO2;HE;zzz
AS22;AS22;PP;zzz
ASSO;zzz;OTHER;zzz
B39M;B39M;NB;B39M
B461;B461;RJ;B461
BD4;BD4;PP;zzz
BEAR;BEAR;PP;zzz
C205;C205;PP;C208
CAT;CAT;OTHER;zzz
CH7;CH7;HE;zzz
CH80;CH80;PP;zzz
CL4G;CL4G;TP;zzz
CV64;CVLT;PJ;CVLT
E530;zzz;OTHER;zzz
F35;F35;OTHER;zzz
F86;F86;OTHER;zzz
FOUG;FOUG;PJ;zzz
HUCO;HUCO;HE;zzz
HURI;HURI;PP;zzz
L101;L101;WB;L410
L29A;L29A;PJ;zzz
Light;zzz;OTHER;zzz
P38;P38;PP;zzz
PUMA;PUMA;HE;zzz
QUAS;QUAS;PP;zzz
R300;R300;PP;zzz
RF10;RF10;PP;zzz
SBD;SBD;PP;zzz
SHIP;SHIP;OTHER;zzz
SYMP;SYMP;PP;zzz
T6A;T6;OTHER;zzz
TIGR;TIGR;HE;zzz
U16;U16;OTHER;zzz
U2;U2;OTHER;zzz
